label,url,referenceUrl,hoverSelector,clickSelector,onReadyScript,onBeforeScript
Abbott Store PDP Page-1,https://abbottstore.com//pedialyte-powder-packs-variety-pack-64-count-56090.html,https://dev.abbottstore.com/content/abbott/en/infant_and_child/pedialyte/pedialyte_powderpacks/con002/pedialyte-powder-packs-variety-pack-64-count-56090.html,,body > div.root.responsivegrid > div > div.responsivegrid.aem-GridColumn.aem-GridColumn--default--12 > div > div.container.aem-GridColumn.aem-GridColumn--default--12 > section > div > div > section > ol > li:nth-child(2),,
Abbott Store PDP Page-2,https://abbottstore.com/active_lifestyle/zoneperfect/zoneperfect_ketoshakes/con012/zoneperfect-keto-shake-white-chocolate-coconut-11-fl-oz-tetra-case-of-12-67260.html,https://dev.abbottstore.com/content/abbott/en/active_lifestyle/zoneperfect/zoneperfect_ketoshakes/con012/zoneperfect-keto-shake-white-chocolate-coconut-11-fl-oz-tetra-case-of-12-67260.html,,body > div.root.responsivegrid > div > div.responsivegrid.aem-GridColumn.aem-GridColumn--default--12 > div > div.container.aem-GridColumn.aem-GridColumn--default--12 > section > div > div > section > ol > li:nth-child(2),,
Abbott Store PDP Page-4,https://abbottstore.com/pediasure-sidekicks-shake-strawberry-8-fl-oz-bottle-case-of-24-66916.html,https://dev.abbottstore.com/content/abbott/en/con010/pediasure-sidekicks-shake-strawberry-8-fl-oz-bottle-case-of-24-66916.html,,body > div.root.responsivegrid > div > div.responsivegrid.aem-GridColumn.aem-GridColumn--default--12 > div > div.container.aem-GridColumn.aem-GridColumn--default--12 > section > div > div > section > ol > li:nth-child(2),,
Abbott Store PDP Page-5,https://abbottstore.com/enteralformula1-0calwithfiber-8-fl-ozcans-caseof24-51806.html,https://dev.abbottstore.com/content/abbott/en/infant_and_child/pediasure/pediasure_1_0_1_5/enteralformula1-0calwithfiber-8-fl-ozcans-caseof24-51806.html,,body > div.root.responsivegrid > div > div.responsivegrid.aem-GridColumn.aem-GridColumn--default--12 > div > div.container.aem-GridColumn.aem-GridColumn--default--12 > section > div > div > section > ol > li:nth-child(2),,
Abbott Store PDP Page-6,https://abbottstore.com/pedialyte-strawberry-1-liter-bottle-case-of-8-53983.html,https://dev.abbottstore.com/content/abbott/en/infant_and_child/pedialyte/pedialyte_liquid/con003/pedialyte-strawberry-1-liter-bottle-case-of-8-53983.html,,body > div.root.responsivegrid > div > div.responsivegrid.aem-GridColumn.aem-GridColumn--default--12 > div > div.container.aem-GridColumn.aem-GridColumn--default--12 > section > div > div > section > ol > li:nth-child(2),,
Abbott Store PDP Page-7,https://abbottstore.com/ensure-high-protein-nutrition-shake-strawberry-8-fl-oz-case-of-24-66546.html,https://dev.abbottstore.com/content/abbott/en/shop_by_need/nutrition_duringcancer/weight_maintenanceandnutrition/con026/ensure-high-protein-nutrition-shake-strawberry-8-fl-oz-case-of-24-66546.html,,body > div.root.responsivegrid > div > div.responsivegrid.aem-GridColumn.aem-GridColumn--default--12 > div > div.container.aem-GridColumn.aem-GridColumn--default--12 > section > div > div > section > ol > li:nth-child(2),,
Abbott Store PDP Page-8,https://abbottstore.com/precision-xtra-blood-glucose-test-strips-50-count-9972865.html,https://dev.abbottstore.com/content/abbott/en/diabetes_management/precision_brand/precision_brand/precision-xtra-blood-glucose-test-strips-50-count-9972865.html,,body > div.root.responsivegrid > div > div.responsivegrid.aem-GridColumn.aem-GridColumn--default--12 > div > div.container.aem-GridColumn.aem-GridColumn--default--12 > section > div > div > section > ol > li:nth-child(2),,
Abbott Store PDP Page-9,https://abbottstore.com/pediasure-vanilla-8-fl-oz-bottle-case-of-24-58049.html,https://dev.abbottstore.com/content/abbott/en/infant_and_child/pediasure/pediasure/con007/pediasure-vanilla-8-fl-oz-bottle-case-of-24-58049.html,,body > div.root.responsivegrid > div > div.responsivegrid.aem-GridColumn.aem-GridColumn--default--12 > div > div.container.aem-GridColumn.aem-GridColumn--default--12 > section > div > div > section > ol > li:nth-child(2),,
Abbott Store PDP Page-11,https://abbottstore.com//pedialyte-grape-1-liter-bottle-case-of-8-00240.html,https://dev.abbottstore.com/content/abbott/en/infant_and_child/pedialyte/pedialyte_liquid/con003/pedialyte-grape-1-liter-bottle-case-of-8-00240.html,,body > div.root.responsivegrid > div > div.responsivegrid.aem-GridColumn.aem-GridColumn--default--12 > div > div.container.aem-GridColumn.aem-GridColumn--default--12 > section > div > div > section > ol > li:nth-child(2),,
Abbott Store PDP Page-12,https://abbottstore.com//pedialyte-powder-packs-variety-pack-64-count-56090.html,https://dev.abbottstore.com/content/abbott/en/infant_and_child/pedialyte/pedialyte_powderpacks/con002/pedialyte-powder-packs-variety-pack-64-count-56090.html,,body > div.root.responsivegrid > div > div.responsivegrid.aem-GridColumn.aem-GridColumn--default--12 > div > div.container.aem-GridColumn.aem-GridColumn--default--12 > section > div > div > section > ol > li:nth-child(2),,
Abbott Store PDP Page-13,https://abbottstore.com/pediasure-peptide-1-0-cal-unflavored-8-fl-oz-bottle-case-of-24-67413.html,https://dev.abbottstore.com/content/abbott/en/infant_and_child/pediasure/pediasure_peptide/con011/pediasure-peptide-1-0-cal-unflavored-8-fl-oz-bottle-case-of-24-67413.html,,body > div.root.responsivegrid > div > div.responsivegrid.aem-GridColumn.aem-GridColumn--default--12 > div > div.container.aem-GridColumn.aem-GridColumn--default--12 > section > div > div > section > ol > li:nth-child(2),,
Abbott Store PDP Page-14,https://abbottstore.com/hunger-smart-rich-chocolate-shake-10-fl-oz-bottle-case-of-12-62885.html,https://dev.abbottstore.com/content/abbott/en/diabetes_management/glucerna/glucerna_hunger_smart/con018/hunger-smart-rich-chocolate-shake-10-fl-oz-bottle-case-of-12-62885.html,,body > div.root.responsivegrid > div > div.responsivegrid.aem-GridColumn.aem-GridColumn--default--12 > div > div.container.aem-GridColumn.aem-GridColumn--default--12 > section > div > div > section > ol > li:nth-child(2),,
Abbott Store PDP Page-15,https://abbottstore.com/double-dark-chocolate-1-58-oz-wrapper-12-pack-63214p12.html,https://dev.abbottstore.com/content/abbott/en/active_lifestyle/zoneperfect/zoneperfect_nutritionbars/con001/double-dark-chocolate-1-58-oz-wrapper-12-pack-63214p12.html,,body > div.root.responsivegrid > div > div.responsivegrid.aem-GridColumn.aem-GridColumn--default--12 > div > div.container.aem-GridColumn.aem-GridColumn--default--12 > section > div > div > section > ol > li:nth-child(2),,
Abbott Store PDP Page-16,https://abbottstore.com/similac-sensitive-infant-formula-powder-29-8-oz-can-case-of-6-62951.html,https://dev.abbottstore.com/content/abbott/en/infant_and_child/similac/similac_sensitive/con044/similac-sensitive-infant-formula-powder-29-8-oz-can-case-of-6-62951.html,,body > div.root.responsivegrid > div > div.responsivegrid.aem-GridColumn.aem-GridColumn--default--12 > div > div.container.aem-GridColumn.aem-GridColumn--default--12 > section > div > div > section > ol > li:nth-child(2),,
Abbott Store PDP Page-17,https://abbottstore.com/zoneperfect-carb-wise-shake-orange-cream-11-fl-oz-tetra-case-of-12-67257.html,https://dev.abbottstore.com/content/abbott/en/active_lifestyle/zoneperfect/zoneperfect_carbwiseshakes/con14/zoneperfect-carb-wise-shake-orange-cream-11-fl-oz-tetra-case-of-12-67257.html,,body > div.root.responsivegrid > div > div.responsivegrid.aem-GridColumn.aem-GridColumn--default--12 > div > div.container.aem-GridColumn.aem-GridColumn--default--12 > section > div > div > section > ol > li:nth-child(2),,
Abbott Store PDP Page-18,https://abbottstore.com/advance-non-gmo-1-45lbpowder-64242e.html,https://dev.abbottstore.com/content/abbott/en/infant_and_child/similac/similac_advance/con041/advance-non-gmo-1-45lbpowder-64242e.html,,body > div.root.responsivegrid > div > div.responsivegrid.aem-GridColumn.aem-GridColumn--default--12 > div > div.container.aem-GridColumn.aem-GridColumn--default--12 > section > div > div > section > ol > li:nth-child(2),,
Abbott Store PDP Page-19,https://abbottstore.com/zoneperfect-nutrition-bar-cinnamon-roll-1-76-oz-wrapper-3-12-packs-63309.html,https://dev.abbottstore.com/content/abbott/en/active_lifestyle/zoneperfect/zoneperfect_nutritionbars/con001/zoneperfect-nutrition-bar-cinnamon-roll-1-76-oz-wrapper-3-12-packs-63309.html,,body > div.root.responsivegrid > div > div.responsivegrid.aem-GridColumn.aem-GridColumn--default--12 > div > div.container.aem-GridColumn.aem-GridColumn--default--12 > section > div > div > section > ol > li:nth-child(2),,
Abbott Store PDP Page-20,https://abbottstore.com/vital-high-protein-8-fl-oz-tetra-case-of-24-64820.html,https://dev.abbottstore.com/content/abbott/en/therapeutic_nutrition/vital/vital_high_protein/vital-high-protein-8-fl-oz-tetra-case-of-24-64820.html,,body > div.root.responsivegrid > div > div.responsivegrid.aem-GridColumn.aem-GridColumn--default--12 > div > div.container.aem-GridColumn.aem-GridColumn--default--12 > section > div > div > section > ol > li:nth-child(2),,
Abbott Store PDP Page-21,https://abbottstore.com/zoneperfect-high-protein-shake-vanilla-ice-cream-11-fl-oz-tetra-case-of-12-67272.html,https://dev.abbottstore.com/content/abbott/en/active_lifestyle/zoneperfect/zoneperfect_highproteinshakes/con005/zoneperfect-high-protein-shake-vanilla-ice-cream-11-fl-oz-tetra-case-of-12-67272.html,,body > div.root.responsivegrid > div > div.responsivegrid.aem-GridColumn.aem-GridColumn--default--12 > div > div.container.aem-GridColumn.aem-GridColumn--default--12 > section > div > div > section > ol > li:nth-child(2),,
Abbott Store PDP Page-22,https://abbottstore.com/glucerna-shake-creamy-strawberry-8-fl-oz-bottle-case-of-24-57807.html,https://dev.abbottstore.com/content/abbott/en/diabetes_management/glucerna/glucerna_shake/con022/glucerna-shake-creamy-strawberry-8-fl-oz-bottle-case-of-24-57807.html,,body > div.root.responsivegrid > div > div.responsivegrid.aem-GridColumn.aem-GridColumn--default--12 > div > div.container.aem-GridColumn.aem-GridColumn--default--12 > section > div > div > section > ol > li:nth-child(2),,
Abbott Store PDP Page-23,https://abbottstore.com/pedialyte-strawberry-1-liter-bottle-53983e.html,https://dev.abbottstore.com/content/abbott/en/infant_and_child/pedialyte/pedialyte_liquid/con003/pedialyte-strawberry-1-liter-bottle-53983e.html,,body > div.root.responsivegrid > div > div.responsivegrid.aem-GridColumn.aem-GridColumn--default--12 > div > div.container.aem-GridColumn.aem-GridColumn--default--12 > section > div > div > section > ol > li:nth-child(2),,
Abbott Store PDP Page-24,https://abbottstore.com/hominex-2-14-1-oz-can-case-of-6-51118.html,https://dev.abbottstore.com/content/abbott/en/therapeutic_nutrition/metabolics/metabolics/hominex-2-14-1-oz-can-case-of-6-51118.html,,body > div.root.responsivegrid > div > div.responsivegrid.aem-GridColumn.aem-GridColumn--default--12 > div > div.container.aem-GridColumn.aem-GridColumn--default--12 > section > div > div > section > ol > li:nth-child(2),,
Abbott Store PDP Page-25,https://abbottstore.com/glucerna-snack-shake-homemade-vanilla-8-fl-oz-can-case-of-16-59856.html,https://dev.abbottstore.com/content/abbott/en/diabetes_management/glucerna/glucerna_snack_shakes/con023/glucerna-snack-shake-homemade-vanilla-8-fl-oz-can-case-of-16-59856.html,,body > div.root.responsivegrid > div > div.responsivegrid.aem-GridColumn.aem-GridColumn--default--12 > div > div.container.aem-GridColumn.aem-GridColumn--default--12 > section > div > div > section > ol > li:nth-child(2),,
Abbott Store PDP Page-26,https://abbottstore.com/pedialyte-coconut-burst-1-liter-bottle-67461e.html,https://dev.abbottstore.com/content/abbott/en/infant_and_child/pedialyte/pedialyte_liquid/con003/pedialyte-coconut-burst-1-liter-bottle-67461e.html,,body > div.root.responsivegrid > div > div.responsivegrid.aem-GridColumn.aem-GridColumn--default--12 > div > div.container.aem-GridColumn.aem-GridColumn--default--12 > section > div > div > section > ol > li:nth-child(2),,
Abbott Store PDP Page-27,https://abbottstore.com/pediasure-grow-and-gain-shake-mix-powder-vanilla-14-1-oz-can-66959e.html,https://dev.abbottstore.com/content/abbott/en/infant_and_child/pediasure/pediasure/con008/pediasure-grow-and-gain-shake-mix-powder-vanilla-14-1-oz-can-66959e.html,,body > div.root.responsivegrid > div > div.responsivegrid.aem-GridColumn.aem-GridColumn--default--12 > div > div.container.aem-GridColumn.aem-GridColumn--default--12 > section > div > div > section > ol > li:nth-child(2),,
Abbott Store PDP Page-28,https://abbottstore.com/phenex-2-14-1-oz-can-case-of-6-51122.html,https://dev.abbottstore.com/content/abbott/en/therapeutic_nutrition/metabolics/metabolics/phenex-2-14-1-oz-can-case-of-6-51122.html,,body > div.root.responsivegrid > div > div.responsivegrid.aem-GridColumn.aem-GridColumn--default--12 > div > div.container.aem-GridColumn.aem-GridColumn--default--12 > section > div > div > section > ol > li:nth-child(2),,
Abbott Store PDP Page-29,https://abbottstore.com/alimentum-19-8ozcan-64719e.html,https://dev.abbottstore.com/content/abbott/en/infant_and_child/similac/similac_alimentum/con047/alimentum-19-8ozcan-64719e.html,,body > div.root.responsivegrid > div > div.responsivegrid.aem-GridColumn.aem-GridColumn--default--12 > div > div.container.aem-GridColumn.aem-GridColumn--default--12 > section > div > div > section > ol > li:nth-child(2),,
Abbott Store PDP Page-30,https://abbottstore.com/similac-pro-advance-infant-formula-powder-30-8-oz-66439e.html,https://dev.abbottstore.com/content/abbott/en/infant_and_child/similac/similac_pro-advance/con035/similac-pro-advance-infant-formula-powder-30-8-oz-66439e.html,,body > div.root.responsivegrid > div > div.responsivegrid.aem-GridColumn.aem-GridColumn--default--12 > div > div.container.aem-GridColumn.aem-GridColumn--default--12 > section > div > div > section > ol > li:nth-child(2),,
Abbott Store PDP Page-31,https://abbottstore.com/glucerna_1_0/glucerna-1-2-cal-8-fl-oz-can-case-of-24-50904.html,https://dev.abbottstore.com/content/abbott/en/diabetes_management/glucerna/glucerna_1_0/glucerna-1-2-cal-8-fl-oz-can-case-of-24-50904.html,,body > div.root.responsivegrid > div > div.responsivegrid.aem-GridColumn.aem-GridColumn--default--12 > div > div.container.aem-GridColumn.aem-GridColumn--default--12 > section > div > div > section > ol > li:nth-child(2),,
Abbott Store PDP Page-32,https://abbottstore.com/similac-pro-advance-infant-formula-powder-30-8-oz-can-case-of-4-66439.html,https://dev.abbottstore.com/content/abbott/en/infant_and_child/similac/similac_pro-advance/con035/similac-pro-advance-infant-formula-powder-30-8-oz-can-case-of-4-66439.html,,body > div.root.responsivegrid > div > div.responsivegrid.aem-GridColumn.aem-GridColumn--default--12 > div > div.container.aem-GridColumn.aem-GridColumn--default--12 > section > div > div > section > ol > li:nth-child(2),,
Abbott Store PDP Page-33,https://abbottstore.com/pedialyte-unflavored-1-liter-bottle-00336e.html,https://dev.abbottstore.com/content/abbott/en/infant_and_child/pedialyte/pedialyte_liquid/con003/pedialyte-unflavored-1-liter-bottle-00336e.html,,body > div.root.responsivegrid > div > div.responsivegrid.aem-GridColumn.aem-GridColumn--default--12 > div > div.container.aem-GridColumn.aem-GridColumn--default--12 > section > div > div > section > ol > li:nth-child(2),,
Abbott Store PDP Page-34,https://abbottstore.com/freestyle-precision-neo-blood-glucose-test-strips-25-count-7157775.html,https://dev.abbottstore.com/content/abbott/en/diabetes_management/freestyle_brand/freestyle_brand/con033/freestyle-precision-neo-blood-glucose-test-strips-25-count-7157775.html,,body > div.root.responsivegrid > div > div.responsivegrid.aem-GridColumn.aem-GridColumn--default--12 > div > div.container.aem-GridColumn.aem-GridColumn--default--12 > section > div > div > section > ol > li:nth-child(2),,
Abbott Store PDP Page-35,https://abbottstore.com/freestyle-precision-neo-carrying-case-25189.html,https://dev.abbottstore.com/content/abbott/en/diabetes_management/freestyle_brand/freestyle_brand/freestyle-precision-neo-carrying-case-25189.html,,body > div.root.responsivegrid > div > div.responsivegrid.aem-GridColumn.aem-GridColumn--default--12 > div > div.container.aem-GridColumn.aem-GridColumn--default--12 > section > div > div > section > ol > li:nth-child(2),,
Abbott Store PDP Page-36,https://abbottstore.com/double-dark-chocolate-1-58-oz-wrapper-12-pack-63214p12.html,https://dev.abbottstore.com/content/abbott/en/active_lifestyle/zoneperfect/zoneperfect_nutritionbars/con001/double-dark-chocolate-1-58-oz-wrapper-12-pack-63214p12.html,,body > div.root.responsivegrid > div > div.responsivegrid.aem-GridColumn.aem-GridColumn--default--12 > div > div.container.aem-GridColumn.aem-GridColumn--default--12 > section > div > div > section > ol > li:nth-child(2),,
Abbott Store PDP Page-37,https://abbottstore.com/similac-sensitive-infant-formula-powder-29-8-oz-can-case-of-6-62951.html,https://dev.abbottstore.com/content/abbott/en/infant_and_child/similac/similac_sensitive/con044/similac-sensitive-infant-formula-powder-29-8-oz-can-case-of-6-62951.html,,body > div.root.responsivegrid > div > div.responsivegrid.aem-GridColumn.aem-GridColumn--default--12 > div > div.container.aem-GridColumn.aem-GridColumn--default--12 > section > div > div > section > ol > li:nth-child(2),,
Abbott Store PDP Page-38,https://abbottstore.com/similac-sensitive-non-gmo-1-41-lb-powder-64246e.html,https://dev.abbottstore.com/content/abbott/en/infant_and_child/similac/similac_sensitive/con045/similac-sensitive-non-gmo-1-41-lb-powder-64246e.html,,body > div.root.responsivegrid > div > div.responsivegrid.aem-GridColumn.aem-GridColumn--default--12 > div > div.container.aem-GridColumn.aem-GridColumn--default--12 > section > div > div > section > ol > li:nth-child(2),,
Abbott Store PDP Page-39,https://abbottstore.com/hominex-2-14-1-oz-can-case-of-6-51118.html,https://dev.abbottstore.com/content/abbott/en/therapeutic_nutrition/metabolics/metabolics/hominex-2-14-1-oz-can-case-of-6-51118.html,,body > div.root.responsivegrid > div > div.responsivegrid.aem-GridColumn.aem-GridColumn--default--12 > div > div.container.aem-GridColumn.aem-GridColumn--default--12 > section > div > div > section > ol > li:nth-child(2),,
Abbott Store PDP Page-40,https://abbottstore.com/glucerna-snack-shake-homemade-vanilla-8-fl-oz-can-case-of-16-59856.html,https://dev.abbottstore.com/content/abbott/en/diabetes_management/glucerna/glucerna_snack_shakes/con023/glucerna-snack-shake-homemade-vanilla-8-fl-oz-can-case-of-16-59856.html,,body > div.root.responsivegrid > div > div.responsivegrid.aem-GridColumn.aem-GridColumn--default--12 > div > div.container.aem-GridColumn.aem-GridColumn--default--12 > section > div > div > section > ol > li:nth-child(2),,
Abbott Store PDP Page-41,https://abbottstore.com/pedialyte-coconut-burst-1-liter-bottle-67461e.html,https://dev.abbottstore.com/content/abbott/en/infant_and_child/pedialyte/pedialyte_liquid/con003/pedialyte-coconut-burst-1-liter-bottle-67461e.html,,body > div.root.responsivegrid > div > div.responsivegrid.aem-GridColumn.aem-GridColumn--default--12 > div > div.container.aem-GridColumn.aem-GridColumn--default--12 > section > div > div > section > ol > li:nth-child(2),,
Abbott Store PDP Page-42,https://abbottstore.com/zoneperfect-nutrition-bar-chocolate-peanut-butter-1-76-oz-wrapper-12-pack-63161p12.html,https://dev.abbottstore.com/content/abbott/en/active_lifestyle/zoneperfect/zoneperfect_nutritionbars/con001/zoneperfect-nutrition-bar-chocolate-peanut-butter-1-76-oz-wrapper-12-pack-63161p12.html,,body > div.root.responsivegrid > div > div.responsivegrid.aem-GridColumn.aem-GridColumn--default--12 > div > div.container.aem-GridColumn.aem-GridColumn--default--12 > section > div > div > section > ol > li:nth-child(2),,
Abbott Store PDP Page-43,https://abbottstore.com/osmolite-1-2-cal-8-fl-oz-tetra-pak-case-of-24-64635.html,https://dev.abbottstore.com/content/abbott/en/therapeutic_nutrition/osmolite/osmolite/osmolite-1-2-cal-8-fl-oz-tetra-pak-case-of-24-64635.html,,body > div.root.responsivegrid > div > div.responsivegrid.aem-GridColumn.aem-GridColumn--default--12 > div > div.container.aem-GridColumn.aem-GridColumn--default--12 > section > div > div > section > ol > li:nth-child(2),,
Abbott Store PDP Page-44,https://abbottstore.com/ensure-high-protein-nutrition-shake-vanilla-8-fl-oz-case-of-24-64117.html,https://dev.abbottstore.com/content/abbott/en/shop_by_need/nutrition_duringcancer/weight_maintenanceandnutrition/con026/ensure-high-protein-nutrition-shake-vanilla-8-fl-oz-case-of-24-64117.html,,body > div.root.responsivegrid > div > div.responsivegrid.aem-GridColumn.aem-GridColumn--default--12 > div > div.container.aem-GridColumn.aem-GridColumn--default--12 > section > div > div > section > ol > li:nth-child(2),,
Abbott Store PDP Page-45,https://abbottstore.com/pediasure-harvest-8-fl-oz-carton-case-of-24-66670.html,https://dev.abbottstore.com/content/abbott/en/infant_and_child/pediasure/pediasure_harvest/pediasure-harvest-8-fl-oz-carton-case-of-24-66670.html,,body > div.root.responsivegrid > div > div.responsivegrid.aem-GridColumn.aem-GridColumn--default--12 > div > div.container.aem-GridColumn.aem-GridColumn--default--12 > section > div > div > section > ol > li:nth-child(2),,
Abbott Store PDP Page-46,https://abbottstore.com/vital-peptide-1-5-cal-vanilla-8-fl-oz-case-of-24-66236.html,https://dev.abbottstore.com/content/abbott/en/therapeutic_nutrition/vital/vital/vital-peptide-1-5-cal-vanilla-8-fl-oz-case-of-24-66236.html,,body > div.root.responsivegrid > div > div.responsivegrid.aem-GridColumn.aem-GridColumn--default--12 > div > div.container.aem-GridColumn.aem-GridColumn--default--12 > section > div > div > section > ol > li:nth-child(2),,
Abbott Store PDP Page-47,https://abbottstore.com/alimentum-ready-to-feed-2-fl-oz-bottle-case-of-48-59738.html,https://dev.abbottstore.com/content/abbott/en/infant_and_child/similac/similac_alimentum/con048/alimentum-ready-to-feed-2-fl-oz-bottle-case-of-48-59738.html,,body > div.root.responsivegrid > div > div.responsivegrid.aem-GridColumn.aem-GridColumn--default--12 > div > div.container.aem-GridColumn.aem-GridColumn--default--12 > section > div > div > section > ol > li:nth-child(2),,
Abbott Store PDP Page-48,https://abbottstore.com/pedialyte-powder-packs-variety-pack-64-count-56090.html,https://dev.abbottstore.com/content/abbott/en/infant_and_child/pedialyte/pedialyte_powderpacks/con002/pedialyte-powder-packs-variety-pack-64-count-56090.html,,body > div.root.responsivegrid > div > div.responsivegrid.aem-GridColumn.aem-GridColumn--default--12 > div > div.container.aem-GridColumn.aem-GridColumn--default--12 > section > div > div > section > ol > li:nth-child(2),,
Abbott Store PDP Page-49,https://abbottstore.com/zoneperfect-keto-shake-white-chocolate-coconut-11-fl-oz-tetra-case-of-12-67260.html,https://dev.abbottstore.com/content/abbott/en/active_lifestyle/zoneperfect/zoneperfect_ketoshakes/con012/zoneperfect-keto-shake-white-chocolate-coconut-11-fl-oz-tetra-case-of-12-67260.html,,body > div.root.responsivegrid > div > div.responsivegrid.aem-GridColumn.aem-GridColumn--default--12 > div > div.container.aem-GridColumn.aem-GridColumn--default--12 > section > div > div > section > ol > li:nth-child(2),,
Abbott Store PDP Page-50,https://abbottstore.com/pediasure-sidekicks-shake-strawberry-8-fl-oz-bottle-case-of-24-66916.html,https://dev.abbottstore.com/content/abbott/en/con010/pediasure-sidekicks-shake-strawberry-8-fl-oz-bottle-case-of-24-66916.html,,body > div.root.responsivegrid > div > div.responsivegrid.aem-GridColumn.aem-GridColumn--default--12 > div > div.container.aem-GridColumn.aem-GridColumn--default--12 > section > div > div > section > ol > li:nth-child(2),,
Abbott Store PDP Page-51,https://abbottstore.com/enteralformula1-0calwithfiber-8-fl-ozcans-caseof24-51806.html,https://dev.abbottstore.com/content/abbott/en/infant_and_child/pediasure/pediasure_1_0_1_5/enteralformula1-0calwithfiber-8-fl-ozcans-caseof24-51806.html,,body > div.root.responsivegrid > div > div.responsivegrid.aem-GridColumn.aem-GridColumn--default--12 > div > div.container.aem-GridColumn.aem-GridColumn--default--12 > section > div > div > section > ol > li:nth-child(2),,
Abbott Store PDP Page-52,https://abbottstore.com/pedialyte-strawberry-1-liter-bottle-case-of-8-53983.html,https://dev.abbottstore.com/content/abbott/en/infant_and_child/pedialyte/pedialyte_liquid/con003/pedialyte-strawberry-1-liter-bottle-case-of-8-53983.html,,body > div.root.responsivegrid > div > div.responsivegrid.aem-GridColumn.aem-GridColumn--default--12 > div > div.container.aem-GridColumn.aem-GridColumn--default--12 > section > div > div > section > ol > li:nth-child(2),,
Abbott Store PDP Page-53,https://abbottstore.com/ensure-high-protein-nutrition-shake-strawberry-8-fl-oz-case-of-24-66546.html,https://dev.abbottstore.com/content/abbott/en/shop_by_need/nutrition_duringcancer/weight_maintenanceandnutrition/con026/ensure-high-protein-nutrition-shake-strawberry-8-fl-oz-case-of-24-66546.html,,body > div.root.responsivegrid > div > div.responsivegrid.aem-GridColumn.aem-GridColumn--default--12 > div > div.container.aem-GridColumn.aem-GridColumn--default--12 > section > div > div > section > ol > li:nth-child(2),,
Abbott Store PDP Page-54,https://abbottstore.com/mini-treats-oatmeal-raisin-bars-0-70-oz-wrapper-case-of-36-63024.html,https://dev.abbottstore.com/content/abbott/en/diabetes_management/glucerna/glucerna_bars/con020/mini-treats-oatmeal-raisin-bars-0-70-oz-wrapper-case-of-36-63024.html,,body > div.root.responsivegrid > div > div.responsivegrid.aem-GridColumn.aem-GridColumn--default--12 > div > div.container.aem-GridColumn.aem-GridColumn--default--12 > section > div > div > section > ol > li:nth-child(2),,
Abbott Store PDP Page-55,https://abbottstore.com/pediasure-grow-and-gain-shake-mix-powder-vanilla-14-1-oz-can-case-of-6-66959.html,https://dev.abbottstore.com/content/abbott/en/infant_and_child/pediasure/pediasure/con008/pediasure-grow-and-gain-shake-mix-powder-vanilla-14-1-oz-can-case-of-6-66959.html,,body > div.root.responsivegrid > div > div.responsivegrid.aem-GridColumn.aem-GridColumn--default--12 > div > div.container.aem-GridColumn.aem-GridColumn--default--12 > section > div > div > section > ol > li:nth-child(2),,
Abbott Store PDP Page-56,https://abbottstore.com/similac-pro-advance-powder-singles-16-4g-stickpack-case-of-64-66781.html,https://dev.abbottstore.com/content/abbott/en/infant_and_child/similac/similac_pro-advance/con035/similac-pro-advance-powder-singles-16-4g-stickpack-case-of-64-66781.html,,body > div.root.responsivegrid > div > div.responsivegrid.aem-GridColumn.aem-GridColumn--default--12 > div > div.container.aem-GridColumn.aem-GridColumn--default--12 > section > div > div > section > ol > li:nth-child(2),,
Abbott Store PDP Page-57,https://abbottstore.com/zoneperfect-pumpkin-spice-nutrition-bar-1-41-oz-wrapper-6-5-packs-66051.html,https://dev.abbottstore.com/content/abbott/en/active_lifestyle/zoneperfect/zoneperfect_nutritionbars/con001/zoneperfect-pumpkin-spice-nutrition-bar-1-41-oz-wrapper-6-5-packs-66051.html,,body > div.root.responsivegrid > div > div.responsivegrid.aem-GridColumn.aem-GridColumn--default--12 > div > div.container.aem-GridColumn.aem-GridColumn--default--12 > section > div > div > section > ol > li:nth-child(2),,
Abbott Store PDP Page-58,https://abbottstore.com/unflavored-0-81-oz-packet-30-pack-66686p30.html,https://dev.abbottstore.com/content/abbott/en/shop_by_need/wound_care_management/juven/con056/unflavored-0-81-oz-packet-30-pack-66686p30.html,,body > div.root.responsivegrid > div > div.responsivegrid.aem-GridColumn.aem-GridColumn--default--12 > div > div.container.aem-GridColumn.aem-GridColumn--default--12 > section > div > div > section > ol > li:nth-child(2),,
Abbott Store PDP Page-59,https://abbottstore.com/promote-vanilla-8-fl-oz-tetra-case-of-24-64834.html,https://dev.abbottstore.com/content/abbott/en/therapeutic_nutrition/promote/promote/promote-vanilla-8-fl-oz-tetra-case-of-24-64834.html,,body > div.root.responsivegrid > div > div.responsivegrid.aem-GridColumn.aem-GridColumn--default--12 > div > div.container.aem-GridColumn.aem-GridColumn--default--12 > section > div > div > section > ol > li:nth-child(2),,
Abbott Store PDP Page-60,https://abbottstore.com/pediasure-strawberry-8-fl-oz-bottle-case-of-24-58055.html,https://dev.abbottstore.com/content/abbott/en/infant_and_child/pediasure/pediasure/con007/pediasure-strawberry-8-fl-oz-bottle-case-of-24-58055.html,,body > div.root.responsivegrid > div > div.responsivegrid.aem-GridColumn.aem-GridColumn--default--12 > div > div.container.aem-GridColumn.aem-GridColumn--default--12 > section > div > div > section > ol > li:nth-child(2),,
Abbott Store PDP Page-61,https://abbottstore.com/zoneperfect-keto-shake-butter-coffee-11-fl-oz-tetra-case-of-12-67298.html,https://dev.abbottstore.com/content/abbott/en/active_lifestyle/zoneperfect/zoneperfect_ketoshakes/con012/zoneperfect-keto-shake-butter-coffee-11-fl-oz-tetra-case-of-12-67298.html,,body > div.root.responsivegrid > div > div.responsivegrid.aem-GridColumn.aem-GridColumn--default--12 > div > div.container.aem-GridColumn.aem-GridColumn--default--12 > section > div > div > section > ol > li:nth-child(2),,
Abbott Store PDP Page-62,https://abbottstore.com/phenex-2-vanilla-14-1-oz-can-case-of-6-55755.html,https://dev.abbottstore.com/content/abbott/en/therapeutic_nutrition/metabolics/metabolics/phenex-2-vanilla-14-1-oz-can-case-of-6-55755.html,,body > div.root.responsivegrid > div > div.responsivegrid.aem-GridColumn.aem-GridColumn--default--12 > div > div.container.aem-GridColumn.aem-GridColumn--default--12 > section > div > div > section > ol > li:nth-child(2),,
Abbott Store PDP Page-63,https://abbottstore.com/glucerna-mini-treats-chocolate-caramel-bars-0-70-oz-wrapper-case-of-24-66905.html,https://dev.abbottstore.com/content/abbott/en/diabetes_management/glucerna/glucerna_bars/con020/glucerna-mini-treats-chocolate-caramel-bars-0-70-oz-wrapper-case-of-24-66905.html,,body > div.root.responsivegrid > div > div.responsivegrid.aem-GridColumn.aem-GridColumn--default--12 > div > div.container.aem-GridColumn.aem-GridColumn--default--12 > section > div > div > section > ol > li:nth-child(2),,
Abbott Store PDP Page-64,https://abbottstore.com/zoneperfect-nutrition-bar-strawberry-yogurt-1-76-oz-wrapper-3-12-packs-63304.html,https://dev.abbottstore.com/content/abbott/en/active_lifestyle/zoneperfect/zoneperfect_nutritionbars/con001/zoneperfect-nutrition-bar-strawberry-yogurt-1-76-oz-wrapper-3-12-packs-63304.html,,body > div.root.responsivegrid > div > div.responsivegrid.aem-GridColumn.aem-GridColumn--default--12 > div > div.container.aem-GridColumn.aem-GridColumn--default--12 > section > div > div > section > ol > li:nth-child(2),,
Abbott Store PDP Page-65,https://abbottstore.com/similac-pro-total-comfort-non-gmo-infant-formula-powder-22-5-oz-container-66939e.html,https://dev.abbottstore.com/content/abbott/en/infant_and_child/similac/similac_total_comfort/similac-pro-total-comfort-non-gmo-infant-formula-powder-22-5-oz-container-66939e.html,,body > div.root.responsivegrid > div > div.responsivegrid.aem-GridColumn.aem-GridColumn--default--12 > div > div.container.aem-GridColumn.aem-GridColumn--default--12 > section > div > div > section > ol > li:nth-child(2),,
Abbott Store PDP Page-66,https://abbottstore.com/pedialyte-coconut-burst-1-liter-bottle-case-of-4-67461.html,https://dev.abbottstore.com/content/abbott/en/infant_and_child/pedialyte/pedialyte_liquid/con003/pedialyte-coconut-burst-1-liter-bottle-case-of-4-67461.html,,body > div.root.responsivegrid > div > div.responsivegrid.aem-GridColumn.aem-GridColumn--default--12 > div > div.container.aem-GridColumn.aem-GridColumn--default--12 > section > div > div > section > ol > li:nth-child(2),,
Abbott Store PDP Page-67,https://abbottstore.com/twocal-hn-butter-pecan-8-fl-oz-can-case-of-24-54064.html,https://dev.abbottstore.com/content/abbott/en/therapeutic_nutrition/twocal_hn/twocal_hn/con058/twocal-hn-butter-pecan-8-fl-oz-can-case-of-24-54064.html,,body > div.root.responsivegrid > div > div.responsivegrid.aem-GridColumn.aem-GridColumn--default--12 > div > div.container.aem-GridColumn.aem-GridColumn--default--12 > section > div > div > section > ol > li:nth-child(2),,
Abbott Store PDP Page-68,https://abbottstore.com/zoneperfect-macros-bar-fruity-cereal-1-76-oz-wrapper-3-12-packs-67510.html,https://dev.abbottstore.com/content/abbott/en/active_lifestyle/zoneperfect/zoneperfect_macrosbars/con016/zoneperfect-macros-bar-fruity-cereal-1-76-oz-wrapper-3-12-packs-67510.html,,body > div.root.responsivegrid > div > div.responsivegrid.aem-GridColumn.aem-GridColumn--default--12 > div > div.container.aem-GridColumn.aem-GridColumn--default--12 > section > div > div > section > ol > li:nth-child(2),,
Abbott Store PDP Page-69,https://abbottstore.com/vital-high-protein-8-fl-oz-tetra-case-of-24-64820.html,https://dev.abbottstore.com/content/abbott/en/therapeutic_nutrition/vital/vital_high_protein/vital-high-protein-8-fl-oz-tetra-case-of-24-64820.html,,body > div.root.responsivegrid > div > div.responsivegrid.aem-GridColumn.aem-GridColumn--default--12 > div > div.container.aem-GridColumn.aem-GridColumn--default--12 > section > div > div > section > ol > li:nth-child(2),,
Abbott Store PDP Page-70,https://abbottstore.com/ensure-original-banana-nut-8-fl-oz-bottle-case-of-24-66910.html,https://dev.abbottstore.com/content/abbott/en/shop_by_need/nutrition_duringcancer/weight_maintenanceandnutrition/con024/ensure-original-banana-nut-8-fl-oz-bottle-case-of-24-66910.html,,body > div.root.responsivegrid > div > div.responsivegrid.aem-GridColumn.aem-GridColumn--default--12 > div > div.container.aem-GridColumn.aem-GridColumn--default--12 > section > div > div > section > ol > li:nth-child(2),,
Abbott Store PDP Page-71,https://abbottstore.com/pediasure-strawberry-8-fl-oz-bottle-case-of-24-58055.html,https://dev.abbottstore.com/content/abbott/en/infant_and_child/pediasure/pediasure/con007/pediasure-strawberry-8-fl-oz-bottle-case-of-24-58055.html,,body > div.root.responsivegrid > div > div.responsivegrid.aem-GridColumn.aem-GridColumn--default--12 > div > div.container.aem-GridColumn.aem-GridColumn--default--12 > section > div > div > section > ol > li:nth-child(2),,
Abbott Store PDP Page-72,https://abbottstore.com/similac-neosure-infant-formula-powder-22-8-oz-can-66923e.html,https://dev.abbottstore.com/content/abbott/en/infant_and_child/similac/similac_neosure/con050/similac-neosure-infant-formula-powder-22-8-oz-can-66923e.html,,body > div.root.responsivegrid > div > div.responsivegrid.aem-GridColumn.aem-GridColumn--default--12 > div > div.container.aem-GridColumn.aem-GridColumn--default--12 > section > div > div > section > ol > li:nth-child(2),,
Abbott Store PDP Page-73,https://abbottstore.com/alimentum-19-8ozcan-64719e.html,https://dev.abbottstore.com/content/abbott/en/infant_and_child/similac/similac_alimentum/con047/alimentum-19-8ozcan-64719e.html,,body > div.root.responsivegrid > div > div.responsivegrid.aem-GridColumn.aem-GridColumn--default--12 > div > div.container.aem-GridColumn.aem-GridColumn--default--12 > section > div > div > section > ol > li:nth-child(2),,
Abbott Store PDP Page-74,https://abbottstore.com/similac-pro-advance-infant-formula-powder-30-8-oz-66439e.html,https://dev.abbottstore.com/content/abbott/en/infant_and_child/similac/similac_pro-advance/con035/similac-pro-advance-infant-formula-powder-30-8-oz-66439e.html,,body > div.root.responsivegrid > div > div.responsivegrid.aem-GridColumn.aem-GridColumn--default--12 > div > div.container.aem-GridColumn.aem-GridColumn--default--12 > section > div > div > section > ol > li:nth-child(2),,
Abbott Store PDP Page-75,https://abbottstore.com/glucerna_1_0/glucerna-1-2-cal-8-fl-oz-can-case-of-24-50904.html,https://dev.abbottstore.com/content/abbott/en/diabetes_management/glucerna/glucerna_1_0/glucerna-1-2-cal-8-fl-oz-can-case-of-24-50904.html,,body > div.root.responsivegrid > div > div.responsivegrid.aem-GridColumn.aem-GridColumn--default--12 > div > div.container.aem-GridColumn.aem-GridColumn--default--12 > section > div > div > section > ol > li:nth-child(2),,
Abbott Store PDP Page-76,https://abbottstore.com/similac-pro-advance-infant-formula-powder-30-8-oz-can-case-of-4-66439.html,https://dev.abbottstore.com/content/abbott/en/infant_and_child/similac/similac_pro-advance/con035/similac-pro-advance-infant-formula-powder-30-8-oz-can-case-of-4-66439.html,,body > div.root.responsivegrid > div > div.responsivegrid.aem-GridColumn.aem-GridColumn--default--12 > div > div.container.aem-GridColumn.aem-GridColumn--default--12 > section > div > div > section > ol > li:nth-child(2),,
Abbott Store PDP Page-77,https://abbottstore.com/pedialyte-unflavored-1-liter-bottle-00336e.html,https://dev.abbottstore.com/content/abbott/en/infant_and_child/pedialyte/pedialyte_liquid/con003/pedialyte-unflavored-1-liter-bottle-00336e.html,,body > div.root.responsivegrid > div > div.responsivegrid.aem-GridColumn.aem-GridColumn--default--12 > div > div.container.aem-GridColumn.aem-GridColumn--default--12 > section > div > div > section > ol > li:nth-child(2),,
Abbott Store PDP Page-78,https://abbottstore.com/freestyle-precision-neo-blood-glucose-test-strips-25-count-7157775.html,https://dev.abbottstore.com/content/abbott/en/diabetes_management/freestyle_brand/freestyle_brand/con033/freestyle-precision-neo-blood-glucose-test-strips-25-count-7157775.html,,body > div.root.responsivegrid > div > div.responsivegrid.aem-GridColumn.aem-GridColumn--default--12 > div > div.container.aem-GridColumn.aem-GridColumn--default--12 > section > div > div > section > ol > li:nth-child(2),,
